Date,Close Price
1/3/2011,129.95
1/4/2011,130
1/5/2011,129.9
1/6/2011,129.85
1/7/2011,126.85
1/10/2011,124.25
1/11/2011,122.9
1/12/2011,122.25
1/13/2011,123.55
1/14/2011,122.25
1/17/2011,122.9
1/18/2011,124.4
1/19/2011,123.95
1/20/2011,124.15
1/21/2011,123.8
1/24/2011,125.65
1/25/2011,126.45
1/27/2011,125.85
1/28/2011,123.95
1/31/2011,123.4
2/1/2011,124.1
2/2/2011,124.65
2/3/2011,126.1
2/4/2011,123.15
2/7/2011,124.15
2/8/2011,122.7
2/9/2011,115.35
2/10/2011,116.5
2/11/2011,116.95
2/14/2011,120.15
2/15/2011,121.9
2/16/2011,122.6
2/17/2011,122.9
2/18/2011,122.3
2/21/2011,122.9
2/22/2011,122.8
2/23/2011,122.3
2/24/2011,119.05
2/25/2011,118.35
2/28/2011,118.9
3/1/2011,116.7
3/3/2011,112.8
3/4/2011,110.35
3/7/2011,109.2
3/8/2011,111.35
3/9/2011,111.65
3/10/2011,113.05
3/11/2011,111.35
3/14/2011,113.05
3/15/2011,111.2
3/16/2011,113.1
3/17/2011,112.65
3/18/2011,110.75
3/21/2011,110.6
3/22/2011,110.9
3/23/2011,111.75
3/24/2011,112.4
3/25/2011,113.1
3/28/2011,112.1
3/29/2011,111.8
3/30/2011,112
3/31/2011,112.8
4/1/2011,115.75
4/4/2011,118.25
4/5/2011,118.65
4/6/2011,119.1
4/7/2011,119.7
4/8/2011,118.55
4/11/2011,117.1
4/13/2011,117.65
4/15/2011,116.45
4/18/2011,114.75
4/19/2011,115.1
4/20/2011,116.35
4/21/2011,115.6
4/25/2011,114.75
4/26/2011,113.7
4/27/2011,112.9
4/28/2011,112.95
4/29/2011,112.45
5/2/2011,109.75
5/3/2011,109.65
5/4/2011,108.75
5/5/2011,107.6
5/6/2011,107.8
5/9/2011,110.25
5/10/2011,112.2
5/11/2011,114.25
5/12/2011,113.45
5/13/2011,114.1
5/16/2011,114.9
5/17/2011,113.7
5/18/2011,113.4
5/19/2011,112.3
5/20/2011,112.65
5/23/2011,112.05
5/24/2011,112.1
5/25/2011,111.15
5/26/2011,111.75
5/27/2011,113.85
5/30/2011,114
5/31/2011,115.5
6/1/2011,115.55
6/2/2011,115.1
6/3/2011,113.5
6/6/2011,112.7
6/7/2011,115.7
6/8/2011,113.3
6/9/2011,112.75
6/10/2011,111.55
6/13/2011,110.95
6/14/2011,112.55
6/15/2011,111.4
6/16/2011,111.45
6/17/2011,109.7
6/20/2011,107.8
6/21/2011,107.35
6/22/2011,106.95
6/23/2011,109.85
6/24/2011,110.8
6/27/2011,110.2
6/28/2011,109.85
6/29/2011,110.05
6/30/2011,110
7/1/2011,109.75
7/4/2011,109.75
7/5/2011,110.55
7/6/2011,110.05
7/7/2011,110.5
7/8/2011,108.95
7/11/2011,107.9
7/12/2011,108.65
7/13/2011,109.75
7/14/2011,111.2
7/15/2011,113.6
7/18/2011,113.45
7/19/2011,113.2
7/20/2011,111.9
7/21/2011,112.65
7/22/2011,112.65
7/25/2011,113.25
7/26/2011,113.8
7/27/2011,113.15
7/28/2011,112.35
7/29/2011,99.25
8/1/2011,103.25
8/2/2011,102.85
8/3/2011,101
8/4/2011,93.55
8/5/2011,90.55
8/8/2011,91.3
8/9/2011,91.6
8/10/2011,93.85
8/11/2011,93.7
8/12/2011,94.05
8/16/2011,88.85
8/17/2011,90
8/18/2011,85.85
8/19/2011,84.7
8/22/2011,84.45
8/23/2011,89.5
8/24/2011,88.75
8/25/2011,90.75
8/26/2011,85.9
8/29/2011,89.8
8/30/2011,91.65
9/2/2011,88.95
9/5/2011,89.25
9/6/2011,88.1
9/7/2011,93.95
9/8/2011,91.85
9/9/2011,88.8
9/12/2011,84.05
9/13/2011,84.3
9/14/2011,84.1
9/15/2011,85.5
9/16/2011,86.35
9/19/2011,85.65
9/20/2011,87.8
9/21/2011,88.9
9/22/2011,83.9
9/23/2011,84.45
9/26/2011,84.75
9/27/2011,86.45
9/28/2011,83.5
9/29/2011,87.35
9/30/2011,85.6
10/3/2011,83.95
10/4/2011,81.5
10/5/2011,80.25
10/7/2011,78.15
10/10/2011,78.55
10/11/2011,78.3
10/12/2011,78.95
10/13/2011,83.65
10/14/2011,83.45
10/17/2011,82.35
10/18/2011,82.45
10/19/2011,85.15
10/20/2011,85.7
10/21/2011,83.75
10/24/2011,83.2
10/25/2011,84.25
10/26/2011,84.55
10/28/2011,87.25
10/31/2011,88.15
11/1/2011,86.7
11/2/2011,86.85
11/3/2011,85.7
11/4/2011,85.85
11/8/2011,85.75
11/9/2011,84.8
11/11/2011,82.65
11/14/2011,82
11/15/2011,78.35
11/16/2011,76.75
11/17/2011,75.7
11/18/2011,74.2
11/21/2011,75.75
11/22/2011,74.6
11/23/2011,71.8
11/24/2011,73.65
11/25/2011,71.7
11/28/2011,72.85
11/29/2011,72.1
11/30/2011,71.15
12/1/2011,71.55
12/2/2011,73.25
12/5/2011,76.25
12/7/2011,77.1
12/8/2011,75.7
12/9/2011,74.35
12/12/2011,72.95
12/13/2011,72.1
12/14/2011,73.65
12/15/2011,74.4
12/16/2011,71.9
12/19/2011,70.95
12/20/2011,68
12/21/2011,68.05
12/22/2011,67.65
12/23/2011,67.85
12/26/2011,68.1
12/27/2011,67.2
12/28/2011,62.15
12/29/2011,63.35
12/30/2011,62.3
1/2/2012,62.6
1/3/2012,66.25
1/4/2012,65.35
1/5/2012,64.3
1/6/2012,64.55
1/7/2012,64.75
1/9/2012,65.35
1/10/2012,69.1
1/11/2012,77.15
1/12/2012,81.05
1/13/2012,80.7
1/16/2012,80.05
1/17/2012,83
1/18/2012,82.5
1/19/2012,88.05
1/20/2012,87.7
1/23/2012,88.25
1/24/2012,88.95
1/25/2012,88.55
1/27/2012,84.15
1/30/2012,78.95
1/31/2012,80.3
2/1/2012,82.85
2/2/2012,82.45
2/3/2012,80.45
2/6/2012,82.15
2/7/2012,74.4
2/8/2012,73.25
2/9/2012,70.7
2/10/2012,72.2
2/13/2012,69.7
2/14/2012,69.55
2/15/2012,78.65
2/16/2012,81.55
2/17/2012,85
2/21/2012,91.8
2/22/2012,83.35
2/23/2012,83.75
2/24/2012,81.65
2/27/2012,73.2
2/28/2012,77.4
2/29/2012,75.9
3/1/2012,78.2
3/2/2012,76.5
3/3/2012,78
3/5/2012,75.85
3/6/2012,72.9
3/7/2012,74.15
3/9/2012,75.55
3/12/2012,75.25
3/13/2012,74.8
3/14/2012,75.15
3/15/2012,75.65
3/16/2012,73
3/19/2012,69.3
3/20/2012,66.55
3/21/2012,67.9
3/22/2012,64.35
3/23/2012,67.95
3/26/2012,66.4
3/27/2012,68.2
3/28/2012,67.75
3/29/2012,67.35
3/30/2012,68.3
4/2/2012,68.95
4/3/2012,70.4
4/4/2012,72.5
4/9/2012,71.4
4/10/2012,72.5
4/11/2012,70.9
4/12/2012,71.45
4/13/2012,69.85
4/16/2012,70.25
4/17/2012,71.55
4/18/2012,72
4/19/2012,71
4/20/2012,69.2
4/23/2012,67.2
4/24/2012,66.5
4/25/2012,65.55
4/26/2012,63.35
4/27/2012,62.85
4/28/2012,63.6
4/30/2012,64.15
5/2/2012,63.35
5/3/2012,62.3
5/4/2012,60.3
5/7/2012,58.75
5/8/2012,56.4
5/9/2012,54.5
5/10/2012,53.85
5/11/2012,52
5/14/2012,50.15
5/15/2012,51.35
5/16/2012,51.7
5/17/2012,50.5
5/18/2012,51
5/21/2012,51.6
5/22/2012,50.25
5/23/2012,49.6
5/24/2012,50.4
5/25/2012,50.8
5/28/2012,51.05
5/29/2012,50.65
5/30/2012,49.2
5/31/2012,47.5
6/1/2012,45.7
6/4/2012,45.7
6/5/2012,45.65
6/6/2012,47.45
6/7/2012,47.85
6/8/2012,47
6/11/2012,48.1
6/12/2012,48.1
6/13/2012,47.55
6/14/2012,47.1
6/15/2012,48.15
6/18/2012,46
6/19/2012,45.8
6/20/2012,46.35
6/21/2012,46.4
6/22/2012,47.25
6/25/2012,46.8
6/26/2012,46.55
6/27/2012,47.8
6/28/2012,47.55
6/29/2012,49.95
7/2/2012,51.15
7/3/2012,51.9
7/4/2012,52.5
7/5/2012,52.9
7/6/2012,51.6
7/9/2012,49.15
7/10/2012,50.3
7/11/2012,51.4
7/12/2012,51.15
7/13/2012,50.25
7/16/2012,48.75
7/17/2012,46.35
7/18/2012,46
7/19/2012,45.7
7/20/2012,45.45
7/23/2012,45.1
7/24/2012,45.1
7/25/2012,44.5
7/26/2012,42.45
7/27/2012,41.8
7/30/2012,43
7/31/2012,43.65
8/1/2012,43.3
8/2/2012,43.3
8/3/2012,42.85
8/6/2012,42.9
8/7/2012,43.2
8/8/2012,42.65
8/9/2012,41.95
8/10/2012,41.55
8/13/2012,42.35
8/14/2012,43.2
8/16/2012,43.5
8/17/2012,42.05
8/21/2012,42.05
8/22/2012,41.8
8/23/2012,40.9
8/24/2012,40.35
8/27/2012,39
8/28/2012,38.5
8/29/2012,37.7
8/30/2012,37.75
8/31/2012,39.1
9/3/2012,40.2
9/4/2012,41.45
9/5/2012,41.55
9/6/2012,42.05
9/7/2012,42
9/8/2012,40.95
9/10/2012,42.35
9/11/2012,42.7
9/12/2012,42.25
9/13/2012,41.2
9/14/2012,43.15
9/17/2012,45.4
9/18/2012,46.1
9/20/2012,44.65
9/21/2012,46.9
9/24/2012,50.6
9/25/2012,51.15
9/26/2012,50.9
9/27/2012,52.7
9/28/2012,52.85
10/1/2012,51.75
10/3/2012,52.65
10/4/2012,55.2
10/5/2012,53.5
10/8/2012,52.25
10/9/2012,51.75
10/10/2012,49.55
10/11/2012,50.4
10/12/2012,50.5
10/15/2012,51.55
10/16/2012,49.55
10/17/2012,49.15
10/18/2012,50.15
10/19/2012,48.95
10/22/2012,48.2
10/23/2012,47.9
10/25/2012,47.9
10/26/2012,47.45
10/29/2012,47.8
10/30/2012,47.85
10/31/2012,48.15
11/1/2012,49.35
11/2/2012,49.45
11/5/2012,48.7
11/6/2012,49.65
11/7/2012,49.95
11/8/2012,49.25
11/9/2012,48.7
11/12/2012,48
11/13/2012,48.2
11/15/2012,48.45
11/16/2012,47.5
11/19/2012,47.5
11/20/2012,46.9
11/21/2012,46.95
11/22/2012,46.85
11/23/2012,46.7
11/26/2012,47.1
11/27/2012,49.85
11/29/2012,50.8
11/30/2012,52.9
12/3/2012,54.4
12/4/2012,54.95
12/5/2012,53.8
12/6/2012,57.55
12/7/2012,58
12/10/2012,60.8
12/11/2012,63.3
12/12/2012,63.1
12/13/2012,61.15
12/14/2012,61.3
12/17/2012,63.25
12/18/2012,64.25
12/19/2012,68.45
12/20/2012,65.4
12/21/2012,61.05
12/24/2012,61.15
12/26/2012,62
12/27/2012,62.45
12/28/2012,61.85
12/31/2012,61.7
1/1/2013,64.15
1/2/2013,63.7
1/3/2013,63.3
1/4/2013,62.65
1/7/2013,65.05
1/8/2013,64.1
1/9/2013,63.85
1/10/2013,62.65
1/11/2013,61.65
1/14/2013,63.9
1/15/2013,65.4
1/16/2013,65.35
1/17/2013,65.25
1/18/2013,64.5
1/21/2013,67.85
1/22/2013,65.55
1/23/2013,64.85
1/24/2013,61.95
1/25/2013,63.7
1/28/2013,60.9
1/29/2013,59.8
1/30/2013,59.1
1/31/2013,60.85
2/1/2013,60.2
2/4/2013,56.4
2/5/2013,56.6
2/6/2013,56.8
2/7/2013,57.5
2/8/2013,56.85
2/11/2013,56.75
2/12/2013,55
2/13/2013,54.45
2/14/2013,52.4
2/15/2013,52
2/18/2013,51.3
2/19/2013,51.4
2/20/2013,51.3
2/21/2013,50.05
2/22/2013,49.9
2/25/2013,47.65
2/26/2013,46.5
2/27/2013,47.4
2/28/2013,44.55
3/1/2013,45.15
3/4/2013,44.05
3/5/2013,46.35
3/6/2013,47.75
3/7/2013,48.4
3/8/2013,50.6
3/11/2013,50.15
3/12/2013,50.4
3/13/2013,49.05
3/14/2013,49.65
3/15/2013,47.65
3/18/2013,46.25
3/19/2013,45.7
3/20/2013,44.05
3/21/2013,41.2
3/22/2013,39.75
3/25/2013,39.75
3/26/2013,39.2
3/28/2013,40.65
4/1/2013,42.2
4/2/2013,43.8
4/3/2013,47.65
4/4/2013,46.85
4/5/2013,45.1
4/8/2013,46.55
4/9/2013,46.75
4/10/2013,46.7
4/11/2013,45.95
4/12/2013,46.9
4/15/2013,46.75
4/16/2013,47.7
4/17/2013,47.3
4/18/2013,47.55
4/22/2013,48.4
4/23/2013,48.4
4/25/2013,49.65
4/26/2013,48.85
4/29/2013,49.7
4/30/2013,48.85
5/2/2013,49.35
5/3/2013,48.65
5/6/2013,48.35
5/7/2013,48.35
5/8/2013,48.45
5/9/2013,48.55
5/10/2013,48.65
5/11/2013,48.4
5/13/2013,47
5/14/2013,47.1
5/15/2013,48.45
5/16/2013,48.7
5/17/2013,50.4
5/20/2013,54.05
5/21/2013,60.65
5/22/2013,56.4
5/23/2013,54.85
5/24/2013,57.05
5/27/2013,57.8
5/28/2013,57.25
5/29/2013,54.45
5/30/2013,58.55
5/31/2013,56.7
6/3/2013,58.05
6/4/2013,56.25
6/5/2013,58.6
6/6/2013,57.75
6/7/2013,53.85
6/10/2013,52.95
6/11/2013,51.7
6/12/2013,50.55
6/13/2013,47.75
6/14/2013,47.8
6/17/2013,44.2
6/18/2013,44.65
6/19/2013,44.45
6/20/2013,41.7
6/21/2013,41.25
6/24/2013,39.65
6/25/2013,39.95
6/26/2013,39.5
6/27/2013,40.1
6/28/2013,41.45
7/1/2013,42.7
7/2/2013,44.35
7/3/2013,41.55
7/4/2013,40.65
7/5/2013,40.3
7/8/2013,40
7/9/2013,40.6
7/10/2013,39.75
7/11/2013,40.05
7/12/2013,39.3
7/15/2013,39.5
7/16/2013,39.95
7/17/2013,39.25
7/18/2013,40.15
7/19/2013,39.65
7/22/2013,39.65
7/23/2013,39.85
7/24/2013,38.9
7/25/2013,40.6
7/26/2013,39.95
7/29/2013,39.75
7/30/2013,36.8
7/31/2013,35.05
8/1/2013,34.2
8/2/2013,31.9
8/5/2013,32.1
8/6/2013,31
8/7/2013,34.25
8/8/2013,34.65
8/12/2013,36.2
8/13/2013,36
8/14/2013,35.7
8/16/2013,33.65
8/19/2013,36.05
8/20/2013,36.05
8/21/2013,34.7
8/22/2013,36.55
8/23/2013,36.45
8/26/2013,37.15
8/27/2013,35
8/28/2013,36.15
8/29/2013,34.2
8/30/2013,33.7
9/2/2013,34.1
9/3/2013,32.7
9/4/2013,32.2
9/5/2013,33.3
9/6/2013,33.7
9/10/2013,33.95
9/11/2013,34.8
9/12/2013,34.95
9/13/2013,36.15
9/16/2013,34.7
9/17/2013,34.8
9/18/2013,33.9
9/19/2013,35.25
9/20/2013,34.3
9/23/2013,34
9/24/2013,34.1
9/25/2013,34.1
9/26/2013,33.25
9/27/2013,33.1
9/30/2013,32.25
10/1/2013,32.05
10/3/2013,33.2
10/4/2013,32.95
10/7/2013,33.25
10/8/2013,33.8
10/9/2013,35
10/10/2013,35.2
10/11/2013,35.15
10/14/2013,35.85
10/15/2013,34.65
10/17/2013,34.7
10/18/2013,34.9
10/21/2013,36.55
10/22/2013,36.55
10/23/2013,35.7
10/24/2013,35.45
10/25/2013,33.45
10/28/2013,32.45
10/29/2013,32.55
10/30/2013,32.35
10/31/2013,32.7
11/1/2013,34.35
11/3/2013,34.55
11/5/2013,35.35
11/6/2013,35.5
11/7/2013,34.4
11/8/2013,35.25
11/11/2013,35.1
11/12/2013,33.95
11/13/2013,33.35
11/14/2013,34.7
11/18/2013,35
11/19/2013,34.9
11/20/2013,36
11/21/2013,34.85
11/22/2013,35.4
11/25/2013,35.8
11/26/2013,34.8
11/27/2013,34.1
11/28/2013,34.4
11/29/2013,35.6
12/2/2013,36.25
12/3/2013,36
12/4/2013,38.1
12/5/2013,39.2
12/6/2013,40.3
12/9/2013,40.6
12/10/2013,38.8
12/11/2013,38.45
12/12/2013,38.5
12/13/2013,38.05
12/16/2013,37.15
12/17/2013,36.6
12/18/2013,37.7
12/19/2013,36.95
12/20/2013,38.1
12/23/2013,38.85
12/24/2013,38.3
12/26/2013,39.6
12/27/2013,39.5
12/30/2013,39.1
12/31/2013,39
1/1/2014,39.55
1/2/2014,37.15
1/3/2014,36.55
1/6/2014,37
1/7/2014,36
1/8/2014,35.9
1/9/2014,35.75
1/10/2014,35.05
1/13/2014,34.85
1/14/2014,35
1/15/2014,35
1/16/2014,34.85
1/17/2014,34.35
1/20/2014,34.7
1/21/2014,34.55
1/22/2014,34.65
1/23/2014,35.05
1/24/2014,34.3
1/27/2014,33
1/28/2014,32.95
1/29/2014,33
1/30/2014,32.1
1/31/2014,32.65
2/3/2014,32.55
2/4/2014,32.9
2/5/2014,33.55
2/6/2014,34.7
2/7/2014,35.45
2/10/2014,34.65
2/11/2014,34.55
2/12/2014,34.25
2/13/2014,32.95
2/14/2014,32.9
2/17/2014,34.2
2/18/2014,36
2/19/2014,35.7
2/20/2014,36.6
2/21/2014,36.45
2/24/2014,36.45
2/25/2014,35.4
2/26/2014,36.15
2/28/2014,35.9
3/3/2014,35.85
3/4/2014,35.7
3/5/2014,36.85
3/6/2014,37.3
3/7/2014,39.55
3/10/2014,40.8
3/11/2014,41.25
3/12/2014,40
3/13/2014,40.2
3/14/2014,40.45
3/18/2014,41.55
3/19/2014,42.15
3/20/2014,41.45
3/21/2014,41.2
3/22/2014,41.25
3/24/2014,41.75
3/25/2014,42.05
3/26/2014,41.35
3/27/2014,41.5
3/28/2014,48.4
3/31/2014,48.65
4/1/2014,48
4/2/2014,50.15
4/3/2014,51.65
4/4/2014,54.05
4/7/2014,54.6
4/9/2014,55.75
4/10/2014,56.5
4/11/2014,55.25
4/15/2014,53
4/16/2014,51.65
4/17/2014,52.1
4/21/2014,52
4/22/2014,51.25
4/23/2014,50.7
4/25/2014,50.8
4/28/2014,51.25
4/29/2014,51.1
4/30/2014,48.3
5/2/2014,47.95
5/5/2014,48.4
5/6/2014,48.95
5/7/2014,48.4
5/8/2014,47
5/9/2014,49.6
5/12/2014,49.75
5/13/2014,53.55
5/14/2014,54.55
5/15/2014,54.95
5/16/2014,55.65
5/19/2014,59.9
5/20/2014,60.2
5/21/2014,62.25
5/22/2014,64.25
5/23/2014,65.4
5/26/2014,60.9
5/27/2014,59.35
5/28/2014,60
5/29/2014,58.9
5/30/2014,60.3
6/2/2014,61.75
6/3/2014,61.7
6/4/2014,62.9
6/5/2014,63.8
6/6/2014,63.75
6/9/2014,64.35
6/10/2014,63.4
6/11/2014,61.8
6/12/2014,61.8
6/13/2014,58.9
6/16/2014,58.7
6/17/2014,60.35
6/18/2014,59.1
6/19/2014,58.35
6/20/2014,58.75
6/23/2014,59
6/24/2014,60
6/25/2014,60.7
6/26/2014,60.5
6/27/2014,60.35
6/30/2014,62.55
7/1/2014,63.55
7/2/2014,65.35
7/3/2014,65.5
7/4/2014,65.5
7/7/2014,65.5
7/8/2014,59.9
7/9/2014,57.7
7/10/2014,59.5
7/11/2014,56.45
7/14/2014,57.2
7/15/2014,58.2
7/16/2014,59.5
7/17/2014,61.45
7/18/2014,60.55
7/21/2014,60.35
7/22/2014,60
7/23/2014,59.25
7/24/2014,57.95
7/25/2014,56.2
7/28/2014,56.05
7/30/2014,57.25
7/31/2014,56.55
8/1/2014,55.6
8/4/2014,56.25
8/5/2014,56.35
8/6/2014,56.75
8/7/2014,55.6
8/8/2014,53.35
8/11/2014,54.1
8/12/2014,54.05
8/13/2014,52.05
8/14/2014,53.55
8/18/2014,54
8/19/2014,55.05
8/20/2014,55.8
8/21/2014,55.35
8/22/2014,55.05
8/25/2014,52.8
8/26/2014,49.4
8/27/2014,48.75
8/28/2014,47.35
9/1/2014,50.15
9/2/2014,50.55
9/3/2014,49.45
9/4/2014,49.35
9/5/2014,49.1
9/8/2014,50.15
9/9/2014,50.7
9/10/2014,50
9/11/2014,51.2
9/12/2014,50.4
9/15/2014,50.5
9/16/2014,48.65
9/17/2014,49.2
9/18/2014,52.95
9/19/2014,51.4
9/22/2014,50.45
9/23/2014,47.7
9/24/2014,46.7
9/25/2014,42.65
9/26/2014,45.05
9/29/2014,44.5
9/30/2014,43.4
10/1/2014,43.2
10/7/2014,41.95
10/8/2014,42.7
10/9/2014,44.15
10/10/2014,42.8
10/13/2014,43.35
10/14/2014,43.3
10/16/2014,42.2
10/17/2014,42.75
10/20/2014,43.65
10/21/2014,44.8
10/22/2014,45.4
10/23/2014,45.9
10/27/2014,45.5
10/28/2014,45.85
10/29/2014,46
10/30/2014,45.75
10/31/2014,47.9
11/3/2014,49.15
11/5/2014,47.7
11/7/2014,47.65
11/10/2014,46.5
11/11/2014,46.65
11/12/2014,46.45
11/13/2014,45.2
11/14/2014,45.85
11/17/2014,47.3
11/18/2014,48.05
11/19/2014,46.35
11/20/2014,45.9
11/21/2014,45.35
11/24/2014,46.55
11/25/2014,45.2
11/26/2014,46.15
11/27/2014,45.75
11/28/2014,45.7
12/1/2014,44.35
12/2/2014,44.4
12/3/2014,45.6
12/4/2014,44.6
12/5/2014,44.5
12/8/2014,44.8
12/9/2014,43.5
12/10/2014,44.9
12/11/2014,44.35
12/12/2014,43.6
12/15/2014,43.3
12/16/2014,40.2
12/17/2014,40.1
12/18/2014,41.55
12/19/2014,42.15
12/22/2014,42.6
12/23/2014,41.45
12/24/2014,42.55
12/26/2014,42.75
12/29/2014,43.05
12/30/2014,44.35
12/31/2014,44.35
1/1/2015,44.2
1/2/2015,45.05
1/5/2015,45.1
1/6/2015,44.1
1/7/2015,44.1
1/8/2015,45.4
1/9/2015,44.7
1/12/2015,46.75
1/13/2015,45.45
1/14/2015,45.6
1/15/2015,45.95
1/16/2015,45.8
1/19/2015,46.7
1/20/2015,46.55
1/21/2015,46.05
1/22/2015,47.4
1/23/2015,50.75
1/27/2015,50.05
1/28/2015,49.8
1/29/2015,51.55
1/30/2015,51.9
2/2/2015,51.75
2/3/2015,49.9
2/4/2015,49.9
2/5/2015,47.35
2/6/2015,47.1
2/9/2015,46.35
2/10/2015,46.85
2/11/2015,49.45
2/12/2015,52
2/13/2015,50.95
2/16/2015,50.45
2/18/2015,51.4
2/19/2015,55.4
2/20/2015,54.75
2/23/2015,57.1
2/24/2015,56.75
2/25/2015,55.8
2/26/2015,54.85
2/27/2015,57.4
2/28/2015,56
3/2/2015,55.3
3/3/2015,57
3/4/2015,56.55
3/5/2015,59.35
3/9/2015,55.05
3/10/2015,52.25
3/11/2015,51.65
3/12/2015,52.75
3/13/2015,50.05
3/16/2015,50.4
3/17/2015,50.45
3/18/2015,50.15
3/19/2015,48.1
3/20/2015,47.5
3/23/2015,46.9
3/24/2015,46.15
3/25/2015,46.4
3/26/2015,46.4
3/27/2015,46.05
3/30/2015,47.5
3/31/2015,47.3
4/1/2015,47.75
4/6/2015,47.4
4/7/2015,48.6
4/8/2015,48.6
4/9/2015,49.4
4/10/2015,49.7
4/13/2015,49.45
4/15/2015,48.75
4/16/2015,48
4/17/2015,47.4
4/20/2015,45.55
4/21/2015,45.1
4/22/2015,45.45
4/23/2015,44.45
4/24/2015,43.6
4/27/2015,42.2
4/28/2015,42.35
4/29/2015,42.9
4/30/2015,43
5/4/2015,44.8
5/5/2015,44.55
5/6/2015,42.05
5/7/2015,40.5
5/8/2015,41.7
5/11/2015,43.4
5/12/2015,40.4
5/13/2015,41.1
5/14/2015,41.25
5/15/2015,41.05
5/18/2015,41.85
5/19/2015,41.8
5/20/2015,41.75
5/21/2015,41
5/22/2015,40.4
5/25/2015,40.35
5/26/2015,40.2
5/27/2015,39.9
5/28/2015,38.7
5/29/2015,38.95
6/1/2015,37.35
6/2/2015,36.25
6/3/2015,32.35
6/4/2015,31.9
6/5/2015,31.55
6/8/2015,30.5
6/9/2015,30.8
6/10/2015,30.8
6/11/2015,29.45
6/12/2015,29.25
6/15/2015,29.75
6/16/2015,29.1
6/17/2015,29.4
6/18/2015,27.5
6/19/2015,27.55
6/22/2015,28
6/23/2015,29.7
6/24/2015,29.75
6/25/2015,30.6
6/26/2015,29.8
6/29/2015,28.95
6/30/2015,29.25
7/1/2015,29.85
7/2/2015,29.45
7/3/2015,28.95
7/6/2015,29.9
7/7/2015,30.65
7/8/2015,30
7/9/2015,29.9
7/10/2015,28.55
7/13/2015,28.55
7/14/2015,28.7
7/15/2015,28.05
7/16/2015,29.35
7/17/2015,30.1
7/20/2015,29.1
7/21/2015,28.1
7/22/2015,28.7
7/23/2015,28.5
7/24/2015,27.85
7/27/2015,27.05
7/28/2015,26.9
7/29/2015,26.6
7/30/2015,27.05
7/31/2015,27.4
8/3/2015,27.9
8/4/2015,28.45
8/5/2015,28.65
8/6/2015,28.85
8/7/2015,28.4
8/10/2015,27.75
8/11/2015,27
8/12/2015,25.95
8/13/2015,25.9
8/14/2015,26.85
8/17/2015,26.6
8/18/2015,27.05
8/19/2015,26.95
8/20/2015,25.95
8/21/2015,25.6
8/24/2015,21.1
8/25/2015,21.45
8/26/2015,21.7
8/27/2015,23.25
8/28/2015,22.6
8/31/2015,22.45
9/1/2015,21.15
9/2/2015,21.1
9/3/2015,21.95
9/4/2015,20.9
9/7/2015,20.7
9/8/2015,21.75
9/9/2015,22.05
9/10/2015,22.15
9/11/2015,22.25
9/14/2015,23.4
9/15/2015,22.8
9/16/2015,23.4
9/18/2015,23.6
9/21/2015,24.8
9/22/2015,24.55
9/23/2015,24.7
9/24/2015,24.95
9/28/2015,24.45
9/29/2015,24.45
9/30/2015,24.7
10/1/2015,24.4
10/5/2015,24.95
10/6/2015,25.9
10/7/2015,26.6
10/8/2015,26.3
10/9/2015,26.2
10/12/2015,28.95
10/13/2015,28.35
10/14/2015,28.05
10/15/2015,29.25
10/16/2015,29.35
10/19/2015,28.7
10/20/2015,31.2
10/21/2015,30.65
10/23/2015,30.6
10/26/2015,29.85
10/27/2015,30.35
10/28/2015,30
10/29/2015,30.95
10/30/2015,31.45
11/2/2015,31.6
11/3/2015,30.75
11/4/2015,30.7
11/5/2015,30.1
11/6/2015,28.8
11/9/2015,27.4
11/10/2015,26.95
11/11/2015,27.65
11/13/2015,27.4
11/16/2015,28.45
11/17/2015,28.65
11/18/2015,27.9
11/19/2015,28.3
11/20/2015,28.95
11/23/2015,29.3
11/24/2015,29.1
11/26/2015,30.45
11/27/2015,30.7
11/30/2015,30.75
12/1/2015,30.55
12/2/2015,30.3
12/3/2015,30.2
12/4/2015,30.2
12/7/2015,30.45
12/8/2015,27.55
12/9/2015,26.45
12/10/2015,26.7
12/11/2015,26.2
12/14/2015,26.65
12/15/2015,27.05
12/16/2015,26.85
12/17/2015,27.5
12/18/2015,28.1
12/21/2015,30.7
12/22/2015,30
12/23/2015,29.85
12/24/2015,29.75
12/28/2015,30.2
12/29/2015,30.45
12/30/2015,31.5
12/31/2015,32.25
1/1/2016,34
1/4/2016,32.75
1/5/2016,34.3
1/6/2016,34.45
1/7/2016,32.05
1/8/2016,33.4
1/11/2016,33.25
1/12/2016,32.95
1/13/2016,32.3
1/14/2016,31.2
1/15/2016,29.45
1/18/2016,26.4
1/19/2016,27.4
1/20/2016,26.45
1/21/2016,26.55
1/22/2016,27.75
1/25/2016,28.15
1/27/2016,28.4
1/28/2016,28.35
1/29/2016,28.6
2/1/2016,28.6
2/2/2016,27.3
2/3/2016,26.1
2/4/2016,25.2
2/5/2016,26.15
2/8/2016,26.1
2/9/2016,26.1
2/10/2016,25.8
2/11/2016,24.15
2/12/2016,24.8
2/15/2016,26.5
2/16/2016,27.05
2/17/2016,27.75
2/18/2016,27.6
2/19/2016,27.75
2/22/2016,28.05
2/23/2016,27.1
2/24/2016,27.55
2/25/2016,27.75
2/26/2016,28.3
2/29/2016,27.5
3/1/2016,28.45
3/2/2016,29.15
3/3/2016,29.25
3/4/2016,29.4
3/8/2016,29.65
3/9/2016,30.25
3/10/2016,29.9
3/11/2016,29.9
3/14/2016,30.05
3/15/2016,29.9
3/16/2016,29.85
3/17/2016,29.95
3/18/2016,30.3
3/21/2016,31.15
3/22/2016,31.45
3/23/2016,31.75
3/28/2016,30.1
3/29/2016,29.35
3/30/2016,32.55
3/31/2016,34.65
4/1/2016,34.75
4/4/2016,35.15
4/5/2016,33.85
4/6/2016,34.2
4/7/2016,33.2
4/8/2016,33.55
4/11/2016,34.6
4/12/2016,34.7
4/13/2016,34.95
4/18/2016,35.15
4/20/2016,34.55
4/21/2016,34.35
4/22/2016,34.05
4/25/2016,33
4/26/2016,32.75
4/27/2016,32.35
4/28/2016,32.2
4/29/2016,32.05
5/2/2016,32.3
5/3/2016,31.7
5/4/2016,30.45
5/5/2016,30.05
5/6/2016,30
5/9/2016,30.2
5/10/2016,30.05
5/11/2016,30.1
5/12/2016,30.25
5/13/2016,29.65
5/16/2016,29.45
5/17/2016,29.3
5/18/2016,29.85
5/19/2016,29
5/20/2016,28.5
5/23/2016,28
5/24/2016,28.05
5/25/2016,28.6
5/26/2016,31
5/27/2016,30.1
5/30/2016,30.15
5/31/2016,29.8
6/1/2016,29.75
6/2/2016,30.2
6/3/2016,29.7
6/6/2016,29.1
6/7/2016,29.95
6/8/2016,30.7
6/9/2016,29.9
6/10/2016,29.7
6/13/2016,29.35
6/14/2016,30.05
6/15/2016,30.2
6/16/2016,29.9
6/17/2016,29.75
6/20/2016,29.75
6/21/2016,30
6/22/2016,29.55
6/23/2016,29.4
6/24/2016,28.9
6/27/2016,29.35
6/28/2016,30.45
6/29/2016,30.4
6/30/2016,30.35
7/1/2016,30.1
7/4/2016,30.3
7/5/2016,30.15
7/7/2016,29.95
7/8/2016,29.25
7/11/2016,29.6
7/12/2016,29.4
7/13/2016,29.65
7/14/2016,29.45
7/15/2016,28.9
7/18/2016,28.3
7/19/2016,28.4
7/20/2016,28.7
7/21/2016,28.35
7/22/2016,28.5
7/25/2016,28.45
7/26/2016,28.35
7/27/2016,28.35
7/28/2016,28.05
7/29/2016,28.05
8/1/2016,27.45
8/2/2016,27
8/3/2016,26.5
8/4/2016,26.3
8/5/2016,27.15
8/8/2016,28.05
8/9/2016,27.65
8/10/2016,26.75
8/11/2016,27.2
8/12/2016,26.8
8/16/2016,27.1
8/17/2016,27.65
8/18/2016,27.65
8/19/2016,27.95
8/22/2016,28.1
8/23/2016,27.9
8/24/2016,28
8/25/2016,27.55
8/26/2016,27.15
8/29/2016,27.15
8/30/2016,27.55
8/31/2016,27.7
9/1/2016,26.85
9/2/2016,27.2
9/6/2016,27.1
9/7/2016,27.45
9/8/2016,27.65
9/9/2016,28.85
9/12/2016,27.35
9/14/2016,27.8
9/15/2016,27.5
9/16/2016,27.6
9/19/2016,27.65
9/20/2016,27.9
9/21/2016,27.65
9/22/2016,27.9
9/23/2016,27.8
9/26/2016,27.55
9/27/2016,27.35
9/28/2016,27.4
9/29/2016,25.15
9/30/2016,24.95
10/3/2016,25.7
10/4/2016,25.75
10/5/2016,25.7
10/6/2016,25.45
10/7/2016,25.9
10/10/2016,25.95
10/13/2016,25.25
10/14/2016,26.05
10/17/2016,26.4
10/18/2016,26.7
10/19/2016,27.05
10/20/2016,27.6
10/21/2016,27.7
10/24/2016,26.95
10/25/2016,25.8
10/26/2016,26
10/27/2016,26.8
10/28/2016,27.3
10/30/2016,27.3
11/1/2016,27.2
11/2/2016,26.55
11/3/2016,26.25
11/4/2016,25.4
11/7/2016,25.8
11/8/2016,25.9
11/9/2016,24.6
11/10/2016,25.85
11/11/2016,25.15
11/15/2016,24.35
11/16/2016,24.05
11/17/2016,24.45
11/18/2016,24.55
11/21/2016,23.9
11/22/2016,24
11/23/2016,24.65
11/24/2016,24.15
11/25/2016,24.5
11/28/2016,27.15
11/29/2016,28.2
11/30/2016,28.65
12/1/2016,29.1
12/2/2016,29.05
12/5/2016,31.05
12/6/2016,32.15
12/7/2016,31.8
12/8/2016,31.65
12/9/2016,31.8
12/12/2016,31.95
12/13/2016,32.25
12/14/2016,31.85
12/15/2016,32.6
12/16/2016,32
12/19/2016,31.5
12/20/2016,30.35
12/21/2016,30.55
12/22/2016,29.3
12/23/2016,29.1
12/26/2016,27.95
12/27/2016,28.5
12/28/2016,28.85
12/29/2016,30.1
12/30/2016,30.1
1/2/2017,30.55
1/3/2017,30.7
1/4/2017,31.6
1/5/2017,32.6
1/6/2017,32.65
1/9/2017,32.85
1/10/2017,33.5
1/11/2017,35.15
1/12/2017,36.5
1/13/2017,36.15
1/16/2017,36.25
1/17/2017,36.95
1/18/2017,37.85
1/19/2017,38.75
1/20/2017,34.3
1/23/2017,34.75
1/24/2017,35.15
1/25/2017,35.35
1/27/2017,36.6
1/30/2017,36.05
1/31/2017,36.2
2/1/2017,36.85
2/2/2017,36.9
2/3/2017,36.5
2/6/2017,37.25
2/7/2017,36.5
2/8/2017,36.5
2/9/2017,36.7
2/10/2017,36.55
2/13/2017,36.35
2/14/2017,36.1
2/15/2017,34.7
2/16/2017,35.15
2/17/2017,34.85
2/20/2017,35.75
2/21/2017,35.8
2/22/2017,36.75
2/23/2017,38.1
2/27/2017,38.75
2/28/2017,38.45
3/1/2017,38.5
3/2/2017,36.8
3/3/2017,37.05
3/6/2017,38.55
3/7/2017,40.4
3/8/2017,38.5
3/9/2017,37.9
3/10/2017,38.3
3/14/2017,39.55
3/15/2017,38.85
3/16/2017,39.9
3/17/2017,39.55
3/20/2017,40.25
3/21/2017,39.9
3/22/2017,39.35
3/23/2017,39.9
3/24/2017,39.45
3/27/2017,39.1
3/28/2017,39.9
3/29/2017,40
3/30/2017,39.9
3/31/2017,39.95
4/3/2017,40.75
4/5/2017,42.05
4/6/2017,44.25
4/7/2017,43.6
4/10/2017,44.35
4/11/2017,37.2
4/12/2017,33.85
4/13/2017,32.85
4/17/2017,32.85
4/18/2017,33.3
4/19/2017,33.1
4/20/2017,33.1
4/21/2017,32.7
4/24/2017,33.3
4/25/2017,32.95
4/26/2017,32.7
4/27/2017,32.75
4/28/2017,32.95
5/2/2017,32.5
5/3/2017,30.95
5/4/2017,30.65
5/5/2017,30
5/8/2017,30.9
5/9/2017,31.2
5/10/2017,31.1
5/11/2017,30.95
5/12/2017,30.3
5/15/2017,30.3
5/16/2017,32.9
5/17/2017,33.1
5/18/2017,31.9
5/19/2017,32.4
5/22/2017,31.5
5/23/2017,29.85
5/24/2017,28.05
5/25/2017,28.6
5/26/2017,28.9
5/29/2017,26.8
5/30/2017,27.45
5/31/2017,27.65
6/1/2017,26.95
6/2/2017,27.2
6/5/2017,26.8
6/6/2017,27.25
6/7/2017,27.4
6/8/2017,26.85
6/9/2017,26.75
6/12/2017,27.85
6/13/2017,27.5
6/14/2017,27.75
6/15/2017,27.65
6/16/2017,27.55
6/19/2017,27.2
6/20/2017,27.35
6/21/2017,27.15
6/22/2017,27.3
6/23/2017,26.8
6/27/2017,27.05
6/28/2017,28.25
6/29/2017,29
6/30/2017,29.7
7/3/2017,29.7
7/4/2017,28.9
7/5/2017,28.75
7/6/2017,28.3
7/7/2017,28.45
7/10/2017,29.8
7/11/2017,29.3
7/12/2017,29.4
7/13/2017,30.25
7/14/2017,29.7
7/17/2017,30
7/18/2017,29.9
7/19/2017,30.25
7/20/2017,29.85
7/21/2017,31.95
7/24/2017,33.05
7/25/2017,33.1
7/26/2017,34.95
7/27/2017,33.9
7/28/2017,33.7
7/31/2017,33.45
8/1/2017,33.35
8/2/2017,33.15
8/3/2017,32.45
8/4/2017,32.85
8/7/2017,32.85
8/8/2017,31.65
8/9/2017,31.55
8/10/2017,28.75
8/11/2017,27.35
8/14/2017,28.6
8/16/2017,29.5
8/17/2017,28.75
8/18/2017,28.8
8/21/2017,27.9
8/22/2017,27.8
8/23/2017,28.3
8/24/2017,28.55
8/28/2017,30.3
8/29/2017,29.75
8/30/2017,32.25
9/1/2017,32.6
9/4/2017,30.9
9/5/2017,31.1
9/6/2017,31.45
9/7/2017,31.6
9/8/2017,30.85
9/11/2017,31.2
9/12/2017,33.15
9/13/2017,31.9
9/14/2017,32.15
9/15/2017,31.45
9/18/2017,31.55
9/19/2017,31.65
9/20/2017,32.4
9/21/2017,32.3
9/22/2017,30.5
9/25/2017,30.8
9/26/2017,30.2
9/27/2017,29.1
9/28/2017,29.35
9/29/2017,29.55
10/3/2017,29
10/4/2017,29.4
10/5/2017,30.35
10/6/2017,30.85
10/9/2017,30.1
10/10/2017,29.95
10/11/2017,30.05
10/12/2017,30.2
10/13/2017,30.05
10/16/2017,29.9
10/17/2017,29.75
10/18/2017,29.25
10/19/2017,29.05
10/23/2017,30.45
10/24/2017,30
10/25/2017,30.25
10/26/2017,32.6
10/27/2017,32.65
10/30/2017,33.45
10/31/2017,32.8
11/1/2017,32.65
11/2/2017,33.65
11/3/2017,34.5
11/6/2017,35.65
11/7/2017,33.8
11/8/2017,33.85
11/9/2017,34.15
11/10/2017,34.55
11/13/2017,33.9
11/14/2017,33.55
11/15/2017,32.1
11/16/2017,33.1
11/17/2017,34.2
11/20/2017,35.05
11/21/2017,34.35
11/22/2017,35.45
11/23/2017,35.15
11/24/2017,35.4
11/27/2017,36.55
11/28/2017,36.55
11/29/2017,35.95
11/30/2017,35.5
12/1/2017,34.15
12/4/2017,33.7
12/5/2017,33.5
12/6/2017,32.7
12/7/2017,34.7
12/8/2017,34.9
12/11/2017,35.05
12/12/2017,34.75
12/13/2017,34
12/14/2017,34.25
12/15/2017,35.25
12/18/2017,35.55
12/19/2017,35.35
12/20/2017,35.6
12/21/2017,36.4
12/22/2017,38.7
12/26/2017,39.25
12/27/2017,40.6
12/28/2017,40.7
12/29/2017,41.65
1/1/2018,42.65
1/2/2018,43.35
1/3/2018,44.25
1/4/2018,44.2
1/5/2018,46.4
1/8/2018,46.85
1/9/2018,46
1/10/2018,46.35
1/11/2018,46.1
1/12/2018,44.8
1/15/2018,44.25
1/16/2018,42.25
1/17/2018,40.7
1/18/2018,36.95
1/19/2018,38
1/22/2018,37.55
1/23/2018,38.25
1/24/2018,37.5
1/25/2018,38.2
1/29/2018,36.95
1/30/2018,37.35
1/31/2018,36.65
2/1/2018,36.8
2/2/2018,32.7
2/5/2018,32.85
2/6/2018,31.65
2/7/2018,31.95
2/8/2018,32.85
2/9/2018,33.8
2/12/2018,34
2/14/2018,33.3
2/15/2018,33.05
2/16/2018,32.3
2/19/2018,31.35
2/20/2018,31.4
2/21/2018,31.35
2/22/2018,31.2
2/23/2018,32.1
2/26/2018,32.65
2/27/2018,32.05
2/28/2018,31.75
3/1/2018,31.35
3/5/2018,30.85
3/6/2018,29.55
3/7/2018,27.6
3/8/2018,26.15
3/9/2018,25.45
3/12/2018,26.4
3/13/2018,26.75
3/14/2018,27.3
3/15/2018,28.15
3/16/2018,27.35
3/19/2018,26.1
3/20/2018,25.8
3/21/2018,25.7
3/22/2018,25.05
3/23/2018,24.25
3/26/2018,24.05
3/27/2018,25.2
3/28/2018,23.75
4/2/2018,24.45
4/3/2018,25
4/4/2018,25.1
4/5/2018,25.45
4/6/2018,25.7
4/9/2018,25.7
4/10/2018,26.5
4/11/2018,26.6
4/12/2018,25.7
4/13/2018,25.85
4/16/2018,25.85
4/17/2018,25.6
4/18/2018,25.8
4/19/2018,26.1
4/20/2018,25.95
4/23/2018,25.85
4/24/2018,25.2
4/25/2018,24.75
4/26/2018,24.35
4/27/2018,25.25
4/30/2018,25.7
5/2/2018,25.15
5/3/2018,24.6
5/4/2018,25.2
5/7/2018,25.15
5/8/2018,24.65
5/9/2018,24.5
5/10/2018,24.4
5/11/2018,23.85
5/14/2018,21.7
5/15/2018,21.95
5/16/2018,21.8
5/17/2018,22.45
5/18/2018,21.2
5/21/2018,20.75
5/22/2018,20.2
5/23/2018,20.15
5/24/2018,18.85
5/25/2018,20.05
5/28/2018,20.3
5/29/2018,20.55
5/30/2018,20.15
5/31/2018,20.2
6/1/2018,19.6
6/4/2018,18.5
6/5/2018,17.55
6/6/2018,18.25
6/7/2018,19.25
6/8/2018,19.4
6/11/2018,19.55
6/12/2018,19.25
6/13/2018,19.3
6/14/2018,19.15
6/15/2018,18.45
6/18/2018,18.3
6/19/2018,18.5
6/20/2018,19.1
6/21/2018,18.7
6/22/2018,18.5
6/25/2018,17.9
6/26/2018,17.15
6/27/2018,16.25
6/28/2018,15.55
6/29/2018,16.15
7/2/2018,15.45
7/3/2018,16
7/4/2018,16.1
7/5/2018,15.6
7/6/2018,16.65
7/9/2018,16.55
7/10/2018,17.35
7/11/2018,20.4
7/12/2018,19.25
7/13/2018,19.85
7/16/2018,19.5
7/17/2018,20.95
7/18/2018,20.5
7/19/2018,22.25
7/20/2018,24.65
7/23/2018,24.85
7/24/2018,25.9
7/25/2018,26.55
7/26/2018,26.35
7/27/2018,26.2
7/30/2018,29.05
7/31/2018,31.35
8/1/2018,31.1
8/2/2018,29.9
8/3/2018,32
8/6/2018,33
8/7/2018,29.8
8/8/2018,31.25
8/9/2018,32.3
8/10/2018,31.25
8/13/2018,30.75
8/14/2018,31.65
8/16/2018,31.35
8/17/2018,31.15
8/20/2018,31.5
8/21/2018,32.65
8/23/2018,31.85
8/24/2018,31.4
8/27/2018,33.45
8/28/2018,34.9
8/29/2018,35.15
8/30/2018,34.5
8/31/2018,35.4
9/3/2018,33.65
9/4/2018,32.55
9/5/2018,31.9
9/6/2018,32
9/7/2018,32.55
9/10/2018,31.25
9/11/2018,30.35
9/12/2018,30.05
9/14/2018,31
9/17/2018,30.6
9/18/2018,29.55
9/19/2018,29.25
9/21/2018,26.15
9/24/2018,24.65
9/25/2018,24.9
9/26/2018,25.9
9/27/2018,25.7
9/28/2018,23.85
10/1/2018,26.05
10/3/2018,26
10/4/2018,24.4
10/5/2018,23.4
10/8/2018,23.5
10/9/2018,24
10/10/2018,29.95
10/11/2018,29.95
10/12/2018,32.6
10/15/2018,34.8
10/16/2018,35.75
10/17/2018,34.35
10/19/2018,33.35
10/22/2018,33.35
10/23/2018,33.35
10/24/2018,33.65
10/25/2018,33
10/26/2018,35.5
10/29/2018,42.15
10/30/2018,44.7
10/31/2018,46.05
11/1/2018,50.2
11/2/2018,49.9
11/5/2018,50.25
11/6/2018,49.3
11/7/2018,49.65
11/9/2018,49.95
11/12/2018,48.15
11/13/2018,48.5
11/14/2018,49.1
11/15/2018,48.65
11/16/2018,47.5
11/19/2018,47.45
11/20/2018,47.35
11/21/2018,46.4
11/22/2018,47.5
11/26/2018,50.45
11/27/2018,50.45
11/28/2018,54.3
11/29/2018,55.45
11/30/2018,55.4
12/3/2018,57.75
12/4/2018,56.15
12/5/2018,54
12/6/2018,52
12/7/2018,52.45
12/10/2018,49
12/11/2018,50.95
12/12/2018,52.7
12/13/2018,51.8
12/14/2018,52.15
12/17/2018,52.8
12/18/2018,52.65
12/19/2018,52.65
12/20/2018,51.95
12/21/2018,50.4
12/24/2018,50.6
12/26/2018,50.75
12/27/2018,51.3
12/28/2018,50.85
12/31/2018,50.9
1/1/2019,50.7
1/2/2019,50.65
1/3/2019,50.4
1/4/2019,49.95
1/7/2019,50.35
1/8/2019,51.5
1/9/2019,51
1/10/2019,50.5
1/11/2019,50.2
1/14/2019,49.5
1/15/2019,50.35
1/16/2019,49.75
1/17/2019,50.8
1/18/2019,50.75
1/21/2019,49.95
1/22/2019,51.2
1/23/2019,51.8
1/24/2019,52.1
1/25/2019,49.3
1/28/2019,40.15
1/29/2019,43.2
1/30/2019,44.4
1/31/2019,45.55
2/1/2019,44.2
2/4/2019,39.75
2/5/2019,37.75
2/6/2019,38.05
2/7/2019,36.8
2/8/2019,35.7
2/11/2019,34.6
2/12/2019,33.95
2/13/2019,36.8
2/14/2019,37.15
2/15/2019,39.4
2/18/2019,37.55
2/19/2019,36.85
2/20/2019,38.85
2/21/2019,39.55
2/22/2019,39.85
2/25/2019,40.35
2/26/2019,46.5
2/27/2019,47.8
2/28/2019,48.1
3/1/2019,48.35
3/5/2019,51.1
3/6/2019,50.7
3/7/2019,50.4
3/8/2019,49.95
3/11/2019,51.65
3/12/2019,52.3
3/13/2019,51.55
3/14/2019,50.9
3/15/2019,50.6
3/18/2019,49.8
3/19/2019,50
3/20/2019,48.6
3/22/2019,48.2
3/25/2019,47.55
3/26/2019,47.8
3/27/2019,46.7
3/28/2019,46.95
3/29/2019,48.2
4/1/2019,48.55
4/2/2019,49.95
4/3/2019,49.35
4/4/2019,48.05
4/5/2019,49.75
4/8/2019,50.15
4/9/2019,50
4/10/2019,49.05
4/11/2019,50.35
4/12/2019,52.95
4/15/2019,54.6
4/16/2019,54.25
4/18/2019,54.15
4/22/2019,50.85
4/23/2019,51
4/24/2019,52.65
4/25/2019,50.8
4/26/2019,48.4
4/30/2019,44.85
5/2/2019,44.4
5/3/2019,43.75
5/6/2019,42.8
5/7/2019,41.45
5/8/2019,41.35
5/9/2019,40.9
5/10/2019,41.35
5/13/2019,38.45
5/14/2019,40.8
5/15/2019,38.7
5/16/2019,40.3
5/17/2019,40.6
5/20/2019,46.8
5/21/2019,46
5/22/2019,46.8
5/23/2019,46.65
5/24/2019,46.7
5/27/2019,49
5/28/2019,49.05
5/29/2019,48.4
5/30/2019,51.5
5/31/2019,50.35
6/3/2019,50.3
6/4/2019,50.3
6/6/2019,48.1
6/7/2019,47.3
6/10/2019,47.3
6/11/2019,48.25
6/12/2019,49.15
6/13/2019,48.35
6/14/2019,48.5
6/17/2019,46.75
6/18/2019,46.85
6/19/2019,46.7
6/20/2019,47.5
6/21/2019,47.9
6/24/2019,50.2
6/25/2019,50.5
6/26/2019,51.3
6/27/2019,51.45
6/28/2019,51.3
7/1/2019,60.25
7/2/2019,64.8
7/3/2019,65.8
7/4/2019,65.3
7/5/2019,63.7
7/8/2019,62
7/9/2019,67.2
7/10/2019,62.95
7/11/2019,62.7
7/12/2019,63.8
7/15/2019,62.65
7/16/2019,63.75
7/17/2019,63.35
7/18/2019,62.65
7/19/2019,60.85
7/22/2019,62.85
7/23/2019,63.1
7/24/2019,62.5
7/25/2019,62.05
7/26/2019,62.95
7/29/2019,61.55
7/30/2019,60.6
7/31/2019,61
8/1/2019,59.35
8/2/2019,61.45
8/5/2019,58.25
8/6/2019,59.5
8/7/2019,59.25
8/8/2019,59.9
8/9/2019,60.5
8/13/2019,58.5
8/14/2019,59.15
8/16/2019,59.35
8/19/2019,60.3
8/20/2019,59
8/21/2019,58.25
8/22/2019,56.95
8/23/2019,58.55
8/26/2019,59.15
8/27/2019,59.95
8/28/2019,59.25
8/29/2019,57.35
8/30/2019,58.4
9/3/2019,57.4
9/4/2019,56.6
9/5/2019,57.1
9/6/2019,58.35
9/9/2019,60.1
9/11/2019,63.65
9/12/2019,63.8
9/13/2019,64.6
9/16/2019,64.75
9/17/2019,63.8
9/18/2019,64.2
9/19/2019,61.85
9/20/2019,63.85
9/23/2019,65.85
9/24/2019,67.7
9/25/2019,68.4
9/26/2019,68.25
9/27/2019,66.95
9/30/2019,64.3
10/1/2019,61.8
10/3/2019,61.2
10/4/2019,60.15
10/7/2019,59.35
10/9/2019,60.75
10/10/2019,62.6
10/11/2019,62.45
10/14/2019,62.25
10/15/2019,61.9
10/16/2019,61.15
10/17/2019,62.25
10/18/2019,64.1
10/22/2019,63.25
10/23/2019,62.5
10/24/2019,63.4
10/25/2019,64.15
10/27/2019,64.5
10/29/2019,66.25
10/30/2019,66
10/31/2019,66.1
11/1/2019,67.85
11/4/2019,71.55
11/5/2019,69.95
11/6/2019,71.1
11/7/2019,70.55
11/8/2019,68.75
11/11/2019,67.3
11/13/2019,63.35
11/14/2019,61.8
11/15/2019,60.85
11/18/2019,59.8
11/19/2019,60.25
11/20/2019,60.3
11/21/2019,61.5
11/22/2019,60.5
11/25/2019,62.4
11/26/2019,61.8
11/27/2019,61.7
11/28/2019,61.55
11/29/2019,63.6
12/2/2019,62.3
12/3/2019,59.75
12/4/2019,61.8
12/5/2019,60.75
12/6/2019,59.8
12/9/2019,60.05
12/10/2019,59.15
12/11/2019,60.15
12/12/2019,60.35
12/13/2019,61.3
12/16/2019,61
12/17/2019,61.85
12/18/2019,61.25
12/19/2019,61.5
12/20/2019,61.95
12/23/2019,61.1
12/24/2019,60.75
12/26/2019,60.05
12/27/2019,60.25
12/30/2019,61.1
12/31/2019,61.8
1/1/2020,63.9
1/2/2020,64.5
1/3/2020,63.25
1/6/2020,60.15
1/7/2020,61
1/8/2020,59.85
1/9/2020,61.15
1/10/2020,61.15
1/13/2020,62.4
1/14/2020,62.4
1/15/2020,63.3
1/16/2020,64.95
1/17/2020,64.6
1/20/2020,63.35
1/21/2020,62.75
1/22/2020,62.45
1/23/2020,63.25
1/24/2020,63.5
1/27/2020,64.65
1/28/2020,63.7
1/29/2020,64
1/30/2020,62.6
1/31/2020,61.05
2/1/2020,59.8
2/3/2020,58.95
2/4/2020,60.45
2/5/2020,61.95
2/6/2020,60.75
2/7/2020,60.85
2/10/2020,59.85
2/11/2020,60.1
2/12/2020,60.45
2/13/2020,60.15
2/14/2020,59.55
2/17/2020,57.5
2/18/2020,56.7
2/19/2020,58.2
2/20/2020,57.65
2/24/2020,56.05
2/25/2020,56
2/26/2020,54.55
2/27/2020,52.8
2/28/2020,47.3
3/2/2020,47
3/3/2020,48.95
3/4/2020,47.6
3/5/2020,46.7
3/6/2020,44.05
3/9/2020,40.75
3/11/2020,41.15
3/12/2020,30.35
3/13/2020,30.85
3/16/2020,28.45
3/17/2020,26.9
3/18/2020,28.15
3/19/2020,27
3/20/2020,29.05
3/23/2020,25.7
3/24/2020,28
3/25/2020,28.55
3/26/2020,30.1
3/27/2020,27.6
3/30/2020,26.8
3/31/2020,27.75
4/1/2020,26.8
4/3/2020,26.75
4/7/2020,28.8
4/8/2020,28.9
4/9/2020,30.4
4/13/2020,29.65
4/15/2020,29.35
4/16/2020,29.95
4/17/2020,30.9
4/20/2020,34.65
4/21/2020,31.9
4/22/2020,32.5
4/23/2020,32.45
4/24/2020,30.65
4/27/2020,30.85
4/28/2020,30.2
4/29/2020,31.25
4/30/2020,31.65
5/4/2020,29.9
5/5/2020,30.45
5/6/2020,30.65
5/7/2020,30.55
5/8/2020,29.95
5/11/2020,29.6
5/12/2020,29.9
5/13/2020,31.85
5/14/2020,33.05
5/15/2020,32.35
5/18/2020,30.95
5/19/2020,35.4
5/20/2020,34.55
5/21/2020,34.15
5/22/2020,33
5/26/2020,36.7
5/27/2020,37
5/28/2020,36.05
5/29/2020,36.4
6/1/2020,39.55
6/2/2020,40.2
6/3/2020,37.7
6/4/2020,38.7
6/5/2020,38.85
6/8/2020,38.55
6/9/2020,38.35
6/10/2020,38.8
6/11/2020,37.85
6/12/2020,38.05
6/15/2020,37.45
6/16/2020,36.6
6/17/2020,36.8
6/18/2020,37.6
6/19/2020,38
6/22/2020,38.2
6/23/2020,37.85
6/24/2020,37.85
6/25/2020,36.75
6/26/2020,36.7
6/29/2020,36.25
6/30/2020,36
7/1/2020,35.85
7/2/2020,35.85
7/3/2020,35.9
7/6/2020,35.9
7/7/2020,35.95
7/8/2020,35.75
7/9/2020,35.55
7/10/2020,34.8
7/13/2020,34.7
7/14/2020,35.7
7/15/2020,34.7
7/16/2020,34.7
7/17/2020,35.5
7/20/2020,35.35
7/21/2020,35.25
7/22/2020,35.05
7/23/2020,35.15
7/24/2020,35
7/27/2020,35.3
7/28/2020,35.5
7/29/2020,35.6
7/30/2020,35.55
7/31/2020,35.4
8/3/2020,35.15
8/4/2020,35.95
8/5/2020,35.25
8/6/2020,35.2
8/7/2020,36.65
8/10/2020,37.65
8/11/2020,37.7
8/12/2020,37.3
8/13/2020,37.65
8/14/2020,37.2
8/17/2020,37.05
8/18/2020,36.85
8/19/2020,37.5
8/20/2020,38.45
8/21/2020,39.2
8/24/2020,38.35
8/25/2020,40.9
8/26/2020,40.15
8/27/2020,39.45
8/28/2020,39.2
8/31/2020,37.3
9/1/2020,38.8
9/2/2020,39.15
9/3/2020,38.65
9/4/2020,37.6
9/7/2020,37.2
9/8/2020,37.2
9/9/2020,37.15
9/10/2020,37.65
9/11/2020,37.4
9/14/2020,37.25
9/15/2020,37.15
9/16/2020,37.15
9/17/2020,37
9/18/2020,37.4
9/21/2020,36.95
9/22/2020,36.7
9/23/2020,36.65
9/24/2020,36.3
9/25/2020,36.55
9/28/2020,37.15
9/29/2020,37.25
9/30/2020,36.85
10/1/2020,37
10/5/2020,36.9
10/6/2020,36.8
10/7/2020,36.5
10/8/2020,36.3
10/9/2020,36.6
10/12/2020,36.2
10/13/2020,36.25
10/14/2020,36.1
10/15/2020,36.1
10/16/2020,36
10/19/2020,35.65
10/20/2020,35.45
10/21/2020,35.15
10/22/2020,35
10/23/2020,35.3
10/26/2020,35.15
10/27/2020,35.4
10/28/2020,35.35
10/29/2020,35.65
10/30/2020,35.7
11/2/2020,35.95
11/3/2020,36.05
11/4/2020,36.1
11/5/2020,36.4
11/6/2020,37.7
11/9/2020,37.05
11/10/2020,36.35
11/11/2020,36.45
11/12/2020,36.05
11/13/2020,36.2
11/14/2020,36.45
11/17/2020,37.5
11/18/2020,39.4
11/19/2020,38.35
11/20/2020,38
11/23/2020,38.4
11/24/2020,38.75
11/25/2020,38.3
11/26/2020,38.25
11/27/2020,38.5
12/1/2020,41.1
12/2/2020,45.15
12/3/2020,54.15
12/4/2020,59.6
12/7/2020,56.8
12/8/2020,52.45
12/9/2020,49.35
12/10/2020,46.85
12/11/2020,44.55
12/14/2020,46.75
12/15/2020,48.05
12/16/2020,46.9
12/17/2020,47.2
12/18/2020,47.35
12/21/2020,45
12/22/2020,44.9
12/23/2020,47.1
12/24/2020,47.8
12/28/2020,50.15
12/29/2020,50.45
12/30/2020,50.05
12/31/2020,49.7
1/1/2021,50.15
1/4/2021,50.2
1/5/2021,49.8
1/6/2021,50.7
1/7/2021,51.05
1/8/2021,53.5
1/11/2021,56.15
1/12/2021,55.7
1/13/2021,53.6
1/14/2021,53.95
1/15/2021,54.15
1/18/2021,53.5
1/19/2021,55.25
1/20/2021,55.55
1/21/2021,53.75
1/22/2021,52.85
1/25/2021,51.2
1/27/2021,49.65
1/28/2021,49.05
1/29/2021,51.3
2/1/2021,52.35
2/2/2021,52.5
2/3/2021,52.45
2/4/2021,53.2
2/5/2021,52.2
2/8/2021,53.05
2/9/2021,52.7
2/10/2021,52.1
2/11/2021,53.8
2/12/2021,57.25
2/15/2021,56.9
2/16/2021,55.25
2/17/2021,54.3
2/18/2021,55.75
2/19/2021,55.8
2/22/2021,55.75
2/23/2021,55.3
2/24/2021,55.3
2/25/2021,56.5
2/26/2021,55.25
3/1/2021,55.7
3/2/2021,61.25
3/3/2021,64.95
3/4/2021,71.4
3/5/2021,74.45
3/8/2021,78.15
3/9/2021,81.95
3/10/2021,77.9
3/12/2021,75.5
3/15/2021,79.25
3/16/2021,83.05
3/17/2021,87.15
3/18/2021,89.15
3/19/2021,92.25
3/22/2021,96.85
3/23/2021,101.65
3/24/2021,104.35
3/25/2021,99.15
3/26/2021,94.2
3/30/2021,89.5
3/31/2021,85.05
4/1/2021,89.3
4/5/2021,93.75
4/6/2021,98.4
4/7/2021,99.95
4/8/2021,97.4
4/9/2021,97.75
4/12/2021,92.9
4/13/2021,90.35
4/15/2021,90.7
4/16/2021,91.85
4/19/2021,87.45
4/20/2021,87.05
4/22/2021,87.25
4/23/2021,87.8
4/26/2021,87.7
4/27/2021,90.05
4/28/2021,94.55
4/29/2021,96.95
4/30/2021,94.75
5/3/2021,95.55
5/4/2021,95.65
5/5/2021,97
5/6/2021,96.9
5/7/2021,97.05
5/10/2021,98.55
5/11/2021,99
5/12/2021,97.45
5/14/2021,95.85
5/17/2021,97
5/18/2021,101.85
5/19/2021,102.45
5/20/2021,100.05
5/21/2021,101.15
5/24/2021,101.05
5/25/2021,100.4
5/26/2021,99.35
5/27/2021,95.2
5/28/2021,91.95
5/31/2021,92.5
6/1/2021,95.4
6/2/2021,96.45
6/3/2021,100.8
6/4/2021,105.8
6/7/2021,126.95
6/8/2021,151.9
6/9/2021,152.35
6/10/2021,155.8
6/11/2021,148.3
6/14/2021,140.9
6/15/2021,133.9
6/16/2021,127.25
6/17/2021,120.9
6/18/2021,114.9
6/21/2021,120.6
6/22/2021,126.6
6/23/2021,126.8
6/24/2021,120.5
6/25/2021,116.8
6/28/2021,118.15
6/29/2021,116.6
6/30/2021,113.4
7/1/2021,107.8
7/2/2021,109.5
7/5/2021,106.55
7/6/2021,111.85
7/7/2021,109.7
7/8/2021,108.05
7/9/2021,109.5
7/12/2021,108.25
7/13/2021,106.55
7/14/2021,105.45
7/15/2021,103.9
7/16/2021,105.25
7/19/2021,102.3
7/20/2021,97.2
7/22/2021,101.95
7/23/2021,100.5
7/26/2021,97.8
7/27/2021,94.95
7/28/2021,96.95
7/29/2021,95.75
7/30/2021,95.75
8/2/2021,92.85
8/3/2021,92
8/4/2021,90.1
8/5/2021,88.75
8/6/2021,93.15
8/9/2021,90
8/10/2021,85.95
8/11/2021,83.4
8/12/2021,85.05
8/13/2021,85.1
8/16/2021,83.15
8/17/2021,79.85
8/18/2021,77.45
8/20/2021,77.45
8/23/2021,73.6
8/24/2021,77.25
8/25/2021,81.1
8/26/2021,85.15
8/27/2021,89.4
8/30/2021,93.85
8/31/2021,98.5
9/1/2021,103.4
9/2/2021,108.55
9/3/2021,103.15
9/6/2021,98
9/7/2021,93.1
